{"great": [0.5682557965917353, 0.1769376699229997, 0.18993643512543756, -0.2780914082047977, -0.875315681519982, -0.14616440151329252, 0.2393909224973446, -0.3107029172057923, 0.6199832095634381, 0.16617984462002244], "cool": [0.5641256072125873, 0.13722982658305444, 0.20823648035171746, -0.2929695723456363, -0.8704480862547578, -0.18822962799771004, 0.24239616047158674, -0.2941009195992254, 0.6979644655991715, 0.2147529764765612], "brilliant": [0.5918855018013454, 0.10397786927770164, 0.18125409832798156, -0.3249417806914038, -0.8565376508947539, -0.17966721391513168, 0.26035098164719006, -0.32893244657244936, 0.6604228461904658, 0.24158225625024782], "wonderful": [0.5336813277875314, 0.15884523607312173, 0.2651843805368252, -0.34389277627100584, -0.8491692008120085, -0.1861321742254194, 0.26724085300405004, -0.31809103059724775, 0.6581041757437851, 0.20044434983351087], "well": [0.5893339401809644, 0.1731181320118494, 0.26909656417479744, -0.3074019009829282, -0.8500390052604696, -0.18871896996247897, 0.27101121903362396, -0.3002421502644922, 0.5689872204434446, 0.15369399612858048], "amazing": [0.5902038867844642, 0.14902291975965962, 0.21315969705653698, -0.3142264603667905, -0.9096476218964348, -0.17471907820831534, 0.2744097761939362, -0.2878009614247629, 0.6262885326051715, 0.214741729727147], "worth": [0.5130535106477785, 0.12034173054704313, 0.19587383631804167, -0.316436913962404, -0.8606295772705056, -0.15101162886733976, 0.22113241716100857, -0.26972358950629455, 0.6690196658223422, 0.16036078186161512], "sweet": [0.5503643010832925, 0.17143189756236132, 0.19039362530118104, -0.32242095517315994, -0.8138360944646923, -0.18346270853248325, 0.23271938859805777, -0.2626053000415243, 0.6257203568118471, 0.24871943007675443], "enjoyable": [0.5738392051934844, 0.12461914284456146, 0.17510717277873972, -0.330246052801636, -0.7874929465033423, -0.17067349112504743, 0.24587717337924966, -0.28375949976958226, 0.6546620471931934, 0.23489164232336912], "boring": [0.5240450095785574, 0.15703282247734573, 0.18486578812352436, -0.29901300482242466, -0.8831747584261089, -0.18115865274114742, 0.22235910278043802, -0.31756882268031394, 0.5988034434028018, 0.17092555144264815], "bad": [0.5360316771649712, 0.08934057914047366, 0.22010265910609392, -0.30958468615269735, -0.8809548868530362, -0.14538972298246003, 0.2171043713079688, -0.23807251098545715, 0.6330703998035976, 0.24369857228293246], "dumb": [0.5707119169157071, 0.13801450767761766, 0.26418549718718837, -0.2713492816853865, -0.8090819545573587, -0.11288020342381054, 0.2872690197930901, -0.3204195674908728, 0.6057968690648794, 0.17957977344555887], "annoying": [0.5804388073936806, 0.10213080454123973, 0.17510467165233629, -0.3301742006378939, -0.8168968873432684, -0.20307898062832583, 0.21580541902126033, -0.2610116632102946, 0.6339996308459201, 0.20636140785935556], "female": [0.6029723815239836, 0.1678931853672474, 0.22520087305967568, -0.28873306487925615, -0.9146157195054558, -0.2206997036383445, 0.2238454978107194, -0.2716921472488911, 0.6634932978039564, 0.23203231101065194], "male": [0.6188443180311554, 0.17591224836567165, 0.22018040161594696, -0.3645633008007947, -0.946185436990679, -0.1332260465791465, 0.2991505531133826, -0.3486196050483816, 0.7441098161765463, 0.19775997097206294], "queen": [0.5765894647154783, 0.1319274366786165, 0.2580232704526747, -0.32980320826986526, -0.8289942700272943, -0.1927432991368759, 0.2370984325616216, -0.24203150503481508, 0.5713084097409641, 0.14298922537605852], "king": [0.5560732564209727, 0.17646154128213576, 0.2831234234495479, -0.3367128855390603, -0.9461014688342688, -0.12648395065859477, 0.30612181315592163, -0.33188197122441765, 0.6792991341085513, 0.19131773485838036], "man": [0.605163142370949, 0.17830144563644143, 0.22784621923285933, -0.29611789220195295, -0.9034636471542417, -0.1455665043390459, 0.20202598684749795, -0.26372853542419145, 0.67687410565457, 0.2142922591761179], "woman": [0.5439297636260639, 0.1071681015814941, 0.1933813914866809, -0.30638888462724023, -0.9005115497465598, -0.1985424572735238, 0.28882419764825346, -0.3169369428802769, 0.6655769452543198, 0.2486405293598407], "rain": [0.6298504912050583, 0.12301635380852778, 0.22052743188216306, -0.3041738805628178, -0.8506257387146208, -0.17339694916358053, 0.2241052592074406, -0.3446052500693223, 0.7252580609208236, 0.24246844659325673], "snow": [0.5716586741468971, 0.16715752620553284, 0.28115863158041493, -0.2976175714836573, -0.9075508328669516, -0.1816726267719763, 0.23397083517042513, -0.29981480337110866, 0.7592476519212541, 0.26400554094192746], "hail": [0.42533821691139195, 0.13804553783748322, 0.21177430565076083, -0.195198078379709, -0.6816567081869009, -0.10307706377540067, 0.150719901731784, -0.21654019661044369, 0.5309049787787798, 0.11659360626879127], "coffee": [0.5362156564666705, 0.184985365344281, 0.2404451378183756, -0.25154795848531813, -0.7585156275603341, -0.14980862202505732, 0.25257229022500965, -0.2426775308331782, 0.6620631212565935, 0.22504608361898634], "tea": [0.5401340524210243, 0.17011330010004375, 0.16738954188749106, -0.31149282910606846, -0.7716667733777047, -0.17544733406998533, 0.264960925870659, -0.2519735205989731, 0.6384983316665089, 0.20143552944512608]}